Timestamp,Air outside,Temperature of the event,Event
2025-03-28 13:09:41,20,23,mesure air fan output
2025-03-28 13:09:42,19,21,
2025-03-28 13:09:43,19,23,
2025-03-28 13:09:44,19,23,
2025-03-28 13:09:45,19,23,
2025-03-28 13:09:46,20,23,
2025-03-28 13:09:47,20,22,
2025-03-28 13:09:48,20,23,
2025-03-28 13:09:49,20,22,
2025-03-28 13:09:50,20,22,
2025-03-28 13:09:51,20,22,
2025-03-28 13:09:52,20,23,
2025-03-28 13:09:53,20,23,
2025-03-28 13:09:54,20,23,
2025-03-28 13:09:55,20,22,
2025-03-28 13:09:56,20,22,
2025-03-28 13:09:57,20,22,
2025-03-28 13:09:58,20,22,
2025-03-28 13:09:59,20,23,
2025-03-28 13:10:00,20,22,
2025-03-28 13:10:02,20,22,
2025-03-28 13:10:03,20,22,
2025-03-28 13:10:04,20,22,
2025-03-28 13:10:05,20,23,
2025-03-28 13:10:06,20,22,
2025-03-28 13:10:07,20,23,
2025-03-28 13:10:08,20,23,
2025-03-28 13:10:09,20,23,
2025-03-28 13:10:10,20,23,
2025-03-28 13:10:11,20,23,
2025-03-28 13:10:12,20,23,
2025-03-28 13:10:13,21,22,
2025-03-28 13:10:14,20,23,
2025-03-28 13:10:15,20,23,
2025-03-28 13:10:16,20,23,
2025-03-28 13:10:17,20,23,
2025-03-28 13:10:18,20,23,
2025-03-28 13:10:19,20,23,
2025-03-28 13:10:20,20,23,
2025-03-28 13:10:21,20,23,
2025-03-28 13:10:22,20,23,
2025-03-28 13:10:23,20,23,
2025-03-28 13:10:24,20,22,
2025-03-28 13:10:25,20,22,
2025-03-28 13:10:26,20,22,
2025-03-28 13:10:27,20,22,
2025-03-28 13:10:28,20,22,
2025-03-28 13:10:29,20,22,
2025-03-28 13:10:30,20,22,
2025-03-28 13:10:31,20,22,
2025-03-28 13:10:32,20,20,
2025-03-28 13:10:33,20,20,
2025-03-28 13:10:34,20,19,
2025-03-28 13:10:35,20,19,
2025-03-28 13:10:36,20,19,
2025-03-28 13:10:37,20,18,
2025-03-28 13:10:38,20,18,
2025-03-28 13:10:39,19,18,
2025-03-28 13:10:40,19,18,
2025-03-28 13:10:41,19,17,
2025-03-28 13:10:42,20,18,
2025-03-28 13:10:43,19,18,
2025-03-28 13:10:44,19,18,
2025-03-28 13:10:45,19,17,
2025-03-28 13:10:46,19,17,
2025-03-28 13:10:47,19,17,
2025-03-28 13:10:48,19,17,
2025-03-28 13:10:49,20,17,
2025-03-28 13:10:50,19,17,
2025-03-28 13:10:51,19,17,
2025-03-28 13:10:52,19,17,
2025-03-28 13:10:53,20,17,
2025-03-28 13:10:54,19,17,
2025-03-28 13:10:55,19,16,
2025-03-28 13:10:56,19,16,
2025-03-28 13:10:58,19,17,
2025-03-28 13:10:59,19,17,
2025-03-28 13:11:00,19,16,
2025-03-28 13:11:01,20,16,
2025-03-28 13:11:02,19,16,
2025-03-28 13:11:03,19,16,
2025-03-28 13:11:04,19,16,
2025-03-28 13:11:05,19,16,
2025-03-28 13:11:06,19,16,
2025-03-28 13:11:07,20,15,
2025-03-28 13:11:08,19,16,
2025-03-28 13:11:09,19,15,
2025-03-28 13:11:10,19,15,
2025-03-28 13:11:11,20,15,
2025-03-28 13:11:12,19,15,
2025-03-28 13:11:13,20,15,
2025-03-28 13:11:14,19,15,
2025-03-28 13:11:15,20,15,
2025-03-28 13:11:16,19,15,
2025-03-28 13:11:17,20,15,
2025-03-28 13:11:18,19,16,
2025-03-28 13:11:19,19,15,
2025-03-28 13:11:20,19,14,
2025-03-28 13:11:21,20,15,
2025-03-28 13:11:22,20,15,
2025-03-28 13:11:23,19,15,
2025-03-28 13:11:24,19,15,
2025-03-28 13:11:25,20,15,
2025-03-28 13:11:26,20,14,
2025-03-28 13:11:27,20,15,
2025-03-28 13:11:28,20,15,
2025-03-28 13:11:29,20,15,
2025-03-28 13:11:30,20,14,
2025-03-28 13:11:31,20,15,
2025-03-28 13:11:32,20,14,
2025-03-28 13:11:33,20,14,
2025-03-28 13:11:34,20,14,
2025-03-28 13:11:35,20,14,
2025-03-28 13:11:36,20,14,
2025-03-28 13:11:37,20,14,
2025-03-28 13:11:38,20,14,
2025-03-28 13:11:39,20,14,
2025-03-28 13:11:40,20,14,
2025-03-28 13:11:41,20,14,
2025-03-28 13:11:42,20,14,
2025-03-28 13:11:43,20,14,
2025-03-28 13:11:44,20,14,
2025-03-28 13:11:45,20,14,
2025-03-28 13:11:47,20,14,
2025-03-28 13:11:48,20,14,
2025-03-28 13:11:49,20,14,
2025-03-28 13:11:50,20,14,
2025-03-28 13:11:51,20,13,
2025-03-28 13:11:52,20,13,
2025-03-28 13:11:53,20,13,
2025-03-28 13:11:54,20,13,
2025-03-28 13:11:55,20,13,
2025-03-28 13:11:56,20,13,
2025-03-28 13:11:57,20,13,
2025-03-28 13:11:58,20,13,
2025-03-28 13:11:59,20,13,
2025-03-28 13:12:00,20,13,
2025-03-28 13:12:01,20,13,
2025-03-28 13:12:02,20,13,
2025-03-28 13:12:03,20,13,
2025-03-28 13:12:04,20,13,
2025-03-28 13:12:05,20,13,
2025-03-28 13:12:06,20,13,
2025-03-28 13:12:07,20,13,
2025-03-28 13:12:08,20,13,
2025-03-28 13:12:09,20,14,
2025-03-28 13:12:10,20,13,
2025-03-28 13:12:11,20,13,
2025-03-28 13:12:12,20,13,
2025-03-28 13:12:13,20,13,
2025-03-28 13:12:14,20,13,
2025-03-28 13:12:15,20,13,
2025-03-28 13:12:16,20,13,
2025-03-28 13:12:17,20,13,
2025-03-28 13:12:18,20,13,
2025-03-28 13:12:19,20,13,
2025-03-28 13:12:20,20,13,
2025-03-28 13:12:21,20,13,
2025-03-28 13:12:22,20,12,
2025-03-28 13:12:23,20,13,
2025-03-28 13:12:24,20,13,
2025-03-28 13:12:25,20,12,
2025-03-28 13:12:26,20,13,
2025-03-28 13:12:27,20,13,
2025-03-28 13:12:28,20,13,
2025-03-28 13:12:30,20,13,
2025-03-28 13:12:31,20,13,
2025-03-28 13:12:32,20,12,
2025-03-28 13:12:33,20,13,
2025-03-28 13:12:34,20,13,
2025-03-28 13:12:35,20,13,
2025-03-28 13:12:36,20,13,
2025-03-28 13:12:37,20,12,
2025-03-28 13:12:38,20,13,
2025-03-28 13:12:39,20,13,
2025-03-28 13:12:40,20,14,
2025-03-28 13:12:41,20,13,
2025-03-28 13:12:42,20,13,
2025-03-28 13:12:43,20,13,
2025-03-28 13:12:44,20,13,
2025-03-28 13:12:45,20,13,
2025-03-28 13:12:46,20,13,
2025-03-28 13:12:47,20,13,
2025-03-28 13:12:48,20,13,
2025-03-28 13:12:49,20,13,
2025-03-28 13:12:50,20,13,
2025-03-28 13:12:51,20,13,
2025-03-28 13:12:52,21,13,
2025-03-28 13:12:53,20,13,
2025-03-28 13:12:54,20,13,
2025-03-28 13:12:55,20,13,
2025-03-28 13:12:56,20,13,
2025-03-28 13:12:57,20,12,
2025-03-28 13:12:58,20,13,
2025-03-28 13:12:59,20,13,
2025-03-28 13:13:00,20,13,
2025-03-28 13:13:01,20,13,
2025-03-28 13:13:02,20,13,
2025-03-28 13:13:03,20,12,
2025-03-28 13:13:04,20,12,
2025-03-28 13:13:05,20,12,
2025-03-28 13:13:06,20,13,
2025-03-28 13:13:07,20,12,
2025-03-28 13:13:08,20,13,
2025-03-28 13:13:09,20,13,
2025-03-28 13:13:10,20,13,
2025-03-28 13:13:11,20,13,
2025-03-28 13:13:12,20,13,
2025-03-28 13:13:13,20,13,
2025-03-28 13:13:14,20,13,
2025-03-28 13:13:15,20,13,
2025-03-28 13:13:16,20,12,
2025-03-28 13:13:17,20,13,
2025-03-28 13:13:18,20,12,
2025-03-28 13:13:19,19,12,
2025-03-28 13:13:20,20,13,
2025-03-28 13:13:21,20,12,
2025-03-28 13:13:22,20,13,
2025-03-28 13:13:23,20,13,
2025-03-28 13:13:24,20,13,
2025-03-28 13:13:25,20,12,
2025-03-28 13:13:26,20,12,
2025-03-28 13:13:27,20,13,
2025-03-28 13:13:29,20,13,
2025-03-28 13:13:30,20,12,
2025-03-28 13:13:31,20,13,
2025-03-28 13:13:32,20,13,
2025-03-28 13:13:33,20,13,
2025-03-28 13:13:34,20,13,
2025-03-28 13:13:35,20,13,
2025-03-28 13:13:36,20,13,
2025-03-28 13:13:37,20,13,
2025-03-28 13:13:38,20,13,
2025-03-28 13:13:39,20,13,
2025-03-28 13:13:40,20,13,
2025-03-28 13:13:41,20,13,
2025-03-28 13:13:42,20,13,
2025-03-28 13:13:43,20,13,
2025-03-28 13:13:44,20,13,
2025-03-28 13:13:45,20,13,
2025-03-28 13:13:46,20,12,
2025-03-28 13:13:47,20,12,
2025-03-28 13:13:48,20,12,
2025-03-28 13:13:49,20,12,
2025-03-28 13:13:50,20,13,
2025-03-28 13:13:51,20,12,
2025-03-28 13:13:52,21,13,
2025-03-28 13:13:53,20,13,
2025-03-28 13:13:54,20,13,
2025-03-28 13:13:55,20,13,
2025-03-28 13:13:56,21,13,
2025-03-28 13:13:57,20,13,
2025-03-28 13:13:58,20,13,
2025-03-28 13:13:59,20,12,
2025-03-28 13:14:00,20,13,
2025-03-28 13:14:01,20,13,
2025-03-28 13:14:02,20,13,
2025-03-28 13:14:03,20,12,
2025-03-28 13:14:04,20,12,
2025-03-28 13:14:05,20,12,
2025-03-28 13:14:06,20,13,
2025-03-28 13:14:07,20,12,
2025-03-28 13:14:08,20,13,
2025-03-28 13:14:09,20,12,
2025-03-28 13:14:10,20,13,
2025-03-28 13:14:11,20,13,
2025-03-28 13:14:12,20,12,
2025-03-28 13:14:14,20,12,
2025-03-28 13:14:15,20,12,
2025-03-28 13:14:16,20,13,
2025-03-28 13:14:17,20,12,
2025-03-28 13:14:18,20,12,
2025-03-28 13:14:19,20,12,
2025-03-28 13:14:20,20,13,
2025-03-28 13:14:21,20,13,
2025-03-28 13:14:22,20,12,
2025-03-28 13:14:23,20,12,
2025-03-28 13:14:24,20,13,
2025-03-28 13:14:25,21,13,
2025-03-28 13:14:26,20,13,
2025-03-28 13:14:27,20,12,
2025-03-28 13:14:28,20,13,
2025-03-28 13:14:29,20,13,
2025-03-28 13:14:30,20,13,
2025-03-28 13:14:31,20,13,
2025-03-28 13:14:32,20,13,
2025-03-28 13:14:33,20,13,
2025-03-28 13:14:34,20,13,
2025-03-28 13:14:35,20,13,
2025-03-28 13:14:36,20,13,
2025-03-28 13:14:37,20,13,
2025-03-28 13:14:38,20,13,
2025-03-28 13:14:39,20,13,
2025-03-28 13:14:40,20,12,
2025-03-28 13:14:41,20,12,
2025-03-28 13:14:42,20,12,
2025-03-28 13:14:43,20,11,
2025-03-28 13:14:44,20,13,
2025-03-28 13:14:45,20,12,
2025-03-28 13:14:46,20,13,
2025-03-28 13:14:47,20,12,
2025-03-28 13:14:48,20,13,
2025-03-28 13:14:49,20,13,
2025-03-28 13:14:50,20,13,
2025-03-28 13:14:51,21,13,
2025-03-28 13:14:52,20,13,
2025-03-28 13:14:53,20,12,
2025-03-28 13:14:54,20,13,
2025-03-28 13:14:55,20,12,
2025-03-28 13:14:56,20,12,
2025-03-28 13:14:57,21,13,
2025-03-28 13:14:58,21,12,
2025-03-28 13:14:59,20,13,
2025-03-28 13:15:00,20,13,
2025-03-28 13:15:01,20,13,
2025-03-28 13:15:02,20,13,
2025-03-28 13:15:03,20,12,
2025-03-28 13:15:05,20,12,
2025-03-28 13:15:06,20,12,
2025-03-28 13:15:07,20,13,
2025-03-28 13:15:08,20,12,
2025-03-28 13:15:09,20,13,
2025-03-28 13:15:10,20,12,
2025-03-28 13:15:11,20,12,
2025-03-28 13:15:12,20,12,
2025-03-28 13:15:13,20,12,
2025-03-28 13:15:14,20,12,
2025-03-28 13:15:15,20,13,
2025-03-28 13:15:16,21,12,
2025-03-28 13:15:17,20,12,
2025-03-28 13:15:18,20,13,
2025-03-28 13:15:19,20,13,
2025-03-28 13:15:20,20,13,
2025-03-28 13:15:21,20,13,
2025-03-28 13:15:22,20,13,
2025-03-28 13:15:23,20,13,
2025-03-28 13:15:24,20,14,
2025-03-28 13:15:25,20,12,
2025-03-28 13:15:26,20,13,
2025-03-28 13:15:27,20,13,
2025-03-28 13:15:28,19,13,
2025-03-28 13:15:29,20,13,
2025-03-28 13:15:30,20,13,
2025-03-28 13:15:31,20,13,
2025-03-28 13:15:32,19,13,
2025-03-28 13:15:33,20,13,
2025-03-28 13:15:34,20,13,
2025-03-28 13:15:35,20,13,
2025-03-28 13:15:36,20,13,
2025-03-28 13:15:37,20,12,
2025-03-28 13:15:38,20,13,
2025-03-28 13:15:39,19,13,
2025-03-28 13:15:40,19,13,
2025-03-28 13:15:41,19,12,
2025-03-28 13:15:42,20,12,
2025-03-28 13:15:43,20,12,
2025-03-28 13:15:44,20,12,
2025-03-28 13:15:45,19,12,
2025-03-28 13:15:46,19,12,
2025-03-28 13:15:47,19,12,
2025-03-28 13:15:48,19,13,
2025-03-28 13:15:49,19,13,
2025-03-28 13:15:50,20,13,
2025-03-28 13:15:51,19,13,
2025-03-28 13:15:52,19,12,
2025-03-28 13:15:53,19,13,
2025-03-28 13:15:54,19,12,
2025-03-28 13:15:55,19,13,
2025-03-28 13:15:57,19,12,
2025-03-28 13:15:58,19,12,
2025-03-28 13:15:59,19,12,
2025-03-28 13:16:00,19,12,
2025-03-28 13:16:01,19,13,
2025-03-28 13:16:02,19,13,
2025-03-28 13:16:03,19,13,
2025-03-28 13:16:04,20,13,
2025-03-28 13:16:05,19,13,
2025-03-28 13:16:06,20,13,
2025-03-28 13:16:07,19,13,
2025-03-28 13:16:08,20,13,
2025-03-28 13:16:09,20,13,
2025-03-28 13:16:10,20,12,
2025-03-28 13:16:11,20,12,
2025-03-28 13:16:12,20,13,
2025-03-28 13:16:13,20,12,
2025-03-28 13:16:14,20,13,
2025-03-28 13:16:15,21,13,
2025-03-28 13:16:16,20,13,
2025-03-28 13:16:17,20,13,
2025-03-28 13:16:18,20,13,
2025-03-28 13:16:19,19,13,
2025-03-28 13:16:20,20,13,
2025-03-28 13:16:21,19,13,
2025-03-28 13:16:22,20,12,
2025-03-28 13:16:23,20,13,
2025-03-28 13:16:24,20,12,
2025-03-28 13:16:25,20,12,
2025-03-28 13:16:26,20,13,
2025-03-28 13:16:27,19,12,
2025-03-28 13:16:28,20,12,
2025-03-28 13:16:29,20,12,
2025-03-28 13:16:30,20,12,
2025-03-28 13:16:31,19,13,
2025-03-28 13:16:32,19,12,
2025-03-28 13:16:33,19,12,
2025-03-28 13:16:34,19,13,
2025-03-28 13:16:35,19,12,
2025-03-28 13:16:36,19,13,
2025-03-28 13:16:37,19,12,
2025-03-28 13:16:38,19,12,
2025-03-28 13:16:39,19,12,
2025-03-28 13:16:40,19,13,
2025-03-28 13:16:41,19,12,
2025-03-28 13:16:43,19,12,
2025-03-28 13:16:44,18,12,
2025-03-28 13:16:45,19,12,
2025-03-28 13:16:46,19,12,
2025-03-28 13:16:47,19,12,
2025-03-28 13:16:48,19,13,
2025-03-28 13:16:49,19,13,
2025-03-28 13:16:50,19,12,
2025-03-28 13:16:51,19,12,
2025-03-28 13:16:52,18,12,
2025-03-28 13:16:53,19,12,
2025-03-28 13:16:54,19,12,
2025-03-28 13:16:55,19,12,
2025-03-28 13:16:56,18,12,
2025-03-28 13:16:57,19,12,
2025-03-28 13:16:58,19,12,
2025-03-28 13:16:59,19,12,
2025-03-28 13:17:00,19,13,
2025-03-28 13:17:01,19,12,
2025-03-28 13:17:02,19,13,
2025-03-28 13:17:03,19,13,
2025-03-28 13:17:04,19,13,
2025-03-28 13:17:05,19,14,
2025-03-28 13:17:06,19,14,
2025-03-28 13:17:07,19,14,
2025-03-28 13:17:08,19,14,
2025-03-28 13:17:09,19,14,
2025-03-28 13:17:10,19,14,
2025-03-28 13:17:11,19,14,
2025-03-28 13:17:12,19,14,
2025-03-28 13:17:13,19,15,
2025-03-28 13:17:14,19,14,
2025-03-28 13:17:15,19,15,
2025-03-28 13:17:16,19,15,
2025-03-28 13:17:17,19,15,
2025-03-28 13:17:18,19,15,
2025-03-28 13:17:19,19,15,
2025-03-28 13:17:20,19,15,
2025-03-28 13:17:21,19,15,
2025-03-28 13:17:22,19,15,
2025-03-28 13:17:23,19,15,
2025-03-28 13:17:24,19,15,
2025-03-28 13:17:25,19,15,
2025-03-28 13:17:26,19,15,
2025-03-28 13:17:27,19,16,
2025-03-28 13:17:28,19,16,
2025-03-28 13:17:29,19,16,
2025-03-28 13:17:30,19,16,
2025-03-28 13:17:31,20,16,
2025-03-28 13:17:32,19,15,
2025-03-28 13:17:33,20,16,
2025-03-28 13:17:34,19,16,
2025-03-28 13:17:35,19,16,
2025-03-28 13:17:36,20,19,
2025-03-28 13:17:37,19,22,
2025-03-28 13:17:39,20,24,
2025-03-28 13:17:40,19,24,
2025-03-28 13:17:41,19,23,
2025-03-28 13:17:42,20,21,
2025-03-28 13:17:43,19,17,mesure peltier dissipator
2025-03-28 13:17:44,20,15,
2025-03-28 13:17:45,20,12,
2025-03-28 13:17:46,20,9,
2025-03-28 13:17:47,20,8,
2025-03-28 13:17:48,20,8,
2025-03-28 13:17:49,19,10,
2025-03-28 13:17:50,20,10,
2025-03-28 13:17:51,20,6,
2025-03-28 13:17:52,19,1,
2025-03-28 13:17:53,20,0,
2025-03-28 13:17:54,20,0,
2025-03-28 13:17:55,20,-1,
2025-03-28 13:17:56,20,-1,
2025-03-28 13:17:57,20,-1,
2025-03-28 13:17:58,20,-2,
2025-03-28 13:17:59,20,-4,
2025-03-28 13:18:00,19,-4,
2025-03-28 13:18:01,20,-4,
2025-03-28 13:18:02,20,-4,
2025-03-28 13:18:03,20,-4,
2025-03-28 13:18:04,20,-4,
2025-03-28 13:18:05,20,-4,
2025-03-28 13:18:06,19,-4,
2025-03-28 13:18:07,19,-4,
2025-03-28 13:18:08,19,-5,
2025-03-28 13:18:09,19,-5,
2025-03-28 13:18:10,19,-5,
2025-03-28 13:18:11,19,-5,
2025-03-28 13:18:12,19,-6,
2025-03-28 13:18:13,19,-5,
2025-03-28 13:18:14,19,-6,
2025-03-28 13:18:15,19,-5,
2025-03-28 13:18:17,20,-6,
2025-03-28 13:18:18,19,-6,
2025-03-28 13:18:19,19,-6,
2025-03-28 13:18:20,19,-6,
2025-03-28 13:18:21,19,-7,
2025-03-28 13:18:22,19,-8,
2025-03-28 13:18:23,19,-6,
2025-03-28 13:18:24,19,-6,
2025-03-28 13:18:25,19,-6,
2025-03-28 13:18:26,19,-7,
2025-03-28 13:18:27,19,-6,
2025-03-28 13:18:28,19,-6,
2025-03-28 13:18:29,19,-6,
2025-03-28 13:18:30,19,-6,
2025-03-28 13:18:31,19,-6,
2025-03-28 13:18:32,19,-6,
2025-03-28 13:18:33,19,-6,
2025-03-28 13:18:34,19,-6,
2025-03-28 13:18:35,19,-5,
2025-03-28 13:18:36,19,-4,
2025-03-28 13:18:37,19,-5,
2025-03-28 13:18:38,19,-5,
2025-03-28 13:18:39,19,-5,
2025-03-28 13:18:40,19,-5,
2025-03-28 13:18:41,19,-5,
2025-03-28 13:18:42,19,-5,
2025-03-28 13:18:43,19,-5,
2025-03-28 13:18:44,19,-6,
2025-03-28 13:18:45,19,-5,
2025-03-28 13:18:46,19,-6,
2025-03-28 13:18:47,20,-6,
2025-03-28 13:18:48,19,-7,
2025-03-28 13:18:49,19,-8,
2025-03-28 13:18:50,19,-7,
2025-03-28 13:18:51,19,-7,
2025-03-28 13:18:52,19,-7,
2025-03-28 13:18:53,19,-7,
2025-03-28 13:18:54,19,-7,
2025-03-28 13:18:55,19,-7,
2025-03-28 13:18:56,20,-8,
2025-03-28 13:18:57,19,-8,
2025-03-28 13:18:58,19,-7,
2025-03-28 13:18:59,20,-8,
2025-03-28 13:19:00,19,-8,
2025-03-28 13:19:01,19,-7,
2025-03-28 13:19:02,19,-8,
2025-03-28 13:19:03,19,-8,
2025-03-28 13:19:04,19,-8,
2025-03-28 13:19:05,19,-8,
2025-03-28 13:19:06,19,-8,
2025-03-28 13:19:07,19,-8,
2025-03-28 13:19:09,20,-9,
2025-03-28 13:19:10,19,-8,
2025-03-28 13:19:11,20,-8,
2025-03-28 13:19:12,20,-9,
2025-03-28 13:19:13,20,-8,
2025-03-28 13:19:14,20,-9,
2025-03-28 13:19:15,20,-9,
2025-03-28 13:19:16,20,-9,
2025-03-28 13:19:17,20,-11,
2025-03-28 13:19:18,19,-9,
2025-03-28 13:19:19,20,-9,
2025-03-28 13:19:20,20,-9,
2025-03-28 13:19:21,19,-9,
2025-03-28 13:19:22,20,-9,
2025-03-28 13:19:23,20,-9,
2025-03-28 13:19:24,20,-9,
2025-03-28 13:19:25,20,-9,
2025-03-28 13:19:26,20,-9,
2025-03-28 13:19:27,20,-9,
2025-03-28 13:19:28,20,-9,
2025-03-28 13:19:29,20,-10,
2025-03-28 13:19:30,20,-10,
2025-03-28 13:19:31,19,-9,
2025-03-28 13:19:32,20,-10,
2025-03-28 13:19:33,20,-10,
2025-03-28 13:19:34,19,-10,
2025-03-28 13:19:35,20,-9,
2025-03-28 13:19:36,20,-10,
2025-03-28 13:19:37,20,-10,
2025-03-28 13:19:38,19,-12,
2025-03-28 13:19:39,20,-10,
2025-03-28 13:19:40,20,-10,
2025-03-28 13:19:41,20,-11,
2025-03-28 13:19:42,20,-10,
2025-03-28 13:19:43,20,-10,
2025-03-28 13:19:44,20,-10,
2025-03-28 13:19:45,20,-11,
2025-03-28 13:19:46,20,-10,
2025-03-28 13:19:47,19,-11,
2025-03-28 13:19:48,20,-10,
2025-03-28 13:19:49,20,-10,
2025-03-28 13:19:50,20,-10,
2025-03-28 13:19:51,20,-11,
2025-03-28 13:19:52,20,-10,
2025-03-28 13:19:53,20,-12,
2025-03-28 13:19:54,19,-12,
2025-03-28 13:19:55,20,-10,
2025-03-28 13:19:56,19,-12,
2025-03-28 13:19:57,20,-12,
2025-03-28 13:19:58,20,-12,
2025-03-28 13:20:00,20,-11,
2025-03-28 13:20:01,20,-8,
2025-03-28 13:20:02,20,-10,
2025-03-28 13:20:03,19,-10,
2025-03-28 13:20:04,20,-10,
2025-03-28 13:20:05,19,-11,
2025-03-28 13:20:06,19,-9,
2025-03-28 13:20:07,20,-11,
2025-03-28 13:20:08,19,-12,
2025-03-28 13:20:09,20,-11,
2025-03-28 13:20:10,20,-11,
2025-03-28 13:20:11,19,-12,
2025-03-28 13:20:12,20,-12,
2025-03-28 13:20:13,19,-12,
2025-03-28 13:20:14,19,-12,
2025-03-28 13:20:15,19,-11,
2025-03-28 13:20:16,19,-12,
2025-03-28 13:20:17,19,-12,
2025-03-28 13:20:18,19,-12,
2025-03-28 13:20:19,20,-11,
2025-03-28 13:20:20,19,-12,
2025-03-28 13:20:21,20,-12,
2025-03-28 13:20:22,20,-12,
2025-03-28 13:20:23,19,-12,
2025-03-28 13:20:24,19,-11,
2025-03-28 13:20:25,19,-12,
2025-03-28 13:20:26,20,-12,
2025-03-28 13:20:27,19,-12,
2025-03-28 13:20:28,19,-11,
2025-03-28 13:20:29,20,-13,
2025-03-28 13:20:30,19,-13,
2025-03-28 13:20:31,19,-12,
2025-03-28 13:20:32,19,-12,
2025-03-28 13:20:33,19,-12,
2025-03-28 13:20:34,19,-12,
2025-03-28 13:20:35,20,-12,
2025-03-28 13:20:36,19,-13,
2025-03-28 13:20:38,20,-12,
2025-03-28 13:20:39,20,-12,
2025-03-28 13:20:40,19,-13,
2025-03-28 13:20:41,19,-12,
2025-03-28 13:20:42,20,-12,
2025-03-28 13:20:43,20,-14,
2025-03-28 13:20:44,20,-14,
2025-03-28 13:20:45,20,-12,
2025-03-28 13:20:46,20,-12,
2025-03-28 13:20:47,20,-13,
2025-03-28 13:20:48,20,-12,
2025-03-28 13:20:49,19,-14,
2025-03-28 13:20:50,19,-13,
2025-03-28 13:20:51,19,-12,
2025-03-28 13:20:52,19,-13,
2025-03-28 13:20:53,19,-13,
2025-03-28 13:20:54,20,-14,
2025-03-28 13:20:55,19,-12,
2025-03-28 13:20:56,19,-14,
2025-03-28 13:20:57,19,-13,
2025-03-28 13:20:58,19,-13,
2025-03-28 13:20:59,19,-13,
2025-03-28 13:21:00,19,-12,
2025-03-28 13:21:01,19,-13,
2025-03-28 13:21:02,20,-13,
2025-03-28 13:21:03,19,-13,
2025-03-28 13:21:04,20,-16,
2025-03-28 13:21:05,19,-13,
2025-03-28 13:21:06,19,-13,
2025-03-28 13:21:07,19,-12,
2025-03-28 13:21:08,19,-14,
2025-03-28 13:21:09,20,-13,
2025-03-28 13:21:10,19,-14,
2025-03-28 13:21:11,19,-13,
2025-03-28 13:21:12,19,-14,
2025-03-28 13:21:13,20,-14,
2025-03-28 13:21:15,19,-14,
2025-03-28 13:21:16,20,-13,
2025-03-28 13:21:17,20,-14,
2025-03-28 13:21:18,20,-14,
2025-03-28 13:21:19,20,-13,
2025-03-28 13:21:20,20,-14,
2025-03-28 13:21:21,20,-13,
2025-03-28 13:21:22,20,-13,
2025-03-28 13:21:23,20,-14,
2025-03-28 13:21:24,20,-14,
2025-03-28 13:21:25,20,-14,
2025-03-28 13:21:26,20,-14,
2025-03-28 13:21:27,20,-14,
2025-03-28 13:21:28,20,-13,
2025-03-28 13:21:29,20,-14,
2025-03-28 13:21:30,20,-13,
2025-03-28 13:21:31,20,-14,
2025-03-28 13:21:32,20,-14,
2025-03-28 13:21:33,20,-13,
2025-03-28 13:21:34,20,-14,
2025-03-28 13:21:35,20,-14,
2025-03-28 13:21:36,20,-14,
2025-03-28 13:21:37,20,-14,
2025-03-28 13:21:38,20,-14,
2025-03-28 13:21:39,20,-14,
2025-03-28 13:21:40,20,-13,
2025-03-28 13:21:41,20,-14,
2025-03-28 13:21:42,20,-14,
2025-03-28 13:21:43,20,-13,
2025-03-28 13:21:44,19,-14,
2025-03-28 13:21:45,19,-14,
2025-03-28 13:21:46,20,-14,
2025-03-28 13:21:47,19,-14,
2025-03-28 13:21:48,20,-14,
2025-03-28 13:21:49,20,-14,
2025-03-28 13:21:50,20,-14,
2025-03-28 13:21:51,19,-14,
2025-03-28 13:21:52,20,-14,
2025-03-28 13:21:54,19,-14,
2025-03-28 13:21:55,20,-14,
2025-03-28 13:21:56,20,-15,
2025-03-28 13:21:57,20,-14,
2025-03-28 13:21:58,20,-14,
2025-03-28 13:21:59,20,-14,
2025-03-28 13:22:00,20,-14,
2025-03-28 13:22:01,20,-14,
2025-03-28 13:22:02,19,-14,
2025-03-28 13:22:03,20,-14,
2025-03-28 13:22:04,20,-14,
2025-03-28 13:22:05,20,-13,
2025-03-28 13:22:06,20,-14,
2025-03-28 13:22:07,19,-14,
2025-03-28 13:22:08,20,-14,
2025-03-28 13:22:09,19,-14,
2025-03-28 13:22:10,20,-14,
2025-03-28 13:22:11,20,-15,
2025-03-28 13:22:12,20,-14,
2025-03-28 13:22:13,19,-14,
2025-03-28 13:22:14,19,-14,
2025-03-28 13:22:15,20,-14,
2025-03-28 13:22:16,20,-14,
2025-03-28 13:22:17,20,-16,
2025-03-28 13:22:18,20,-14,
2025-03-28 13:22:19,20,-14,
2025-03-28 13:22:20,20,-15,
2025-03-28 13:22:21,19,-15,
2025-03-28 13:22:22,20,-13,
2025-03-28 13:22:23,20,-14,
2025-03-28 13:22:24,20,-14,
2025-03-28 13:22:25,19,-14,
2025-03-28 13:22:26,20,-15,
2025-03-28 13:22:28,19,-14,
2025-03-28 13:22:29,20,-14,
2025-03-28 13:22:30,20,-14,
2025-03-28 13:22:31,19,-14,
2025-03-28 13:22:32,19,-14,
2025-03-28 13:22:33,19,-14,
2025-03-28 13:22:34,19,-14,
2025-03-28 13:22:35,19,-14,
2025-03-28 13:22:36,19,-14,
2025-03-28 13:22:37,19,-14,
2025-03-28 13:22:38,19,-14,
2025-03-28 13:22:39,19,-14,
2025-03-28 13:22:40,19,-14,
2025-03-28 13:22:41,19,-14,
2025-03-28 13:22:42,19,-14,
2025-03-28 13:22:43,20,-15,
2025-03-28 13:22:44,19,-14,
2025-03-28 13:22:45,19,-14,
2025-03-28 13:22:46,19,-14,
2025-03-28 13:22:47,19,-14,
2025-03-28 13:22:48,19,-14,
2025-03-28 13:22:49,19,-15,
2025-03-28 13:22:50,19,-15,
2025-03-28 13:22:51,19,-14,
2025-03-28 13:22:52,19,-14,
2025-03-28 13:22:53,19,-14,
2025-03-28 13:22:54,19,-14,
2025-03-28 13:22:55,19,-14,
2025-03-28 13:22:56,19,-14,
2025-03-28 13:22:57,19,-14,
2025-03-28 13:22:58,19,-14,
2025-03-28 13:22:59,19,-14,
2025-03-28 13:23:00,19,-13,
2025-03-28 13:23:01,19,-14,
2025-03-28 13:23:02,19,-14,
2025-03-28 13:23:03,19,-16,
2025-03-28 13:23:04,19,-15,
2025-03-28 13:23:05,20,-14,
2025-03-28 13:23:07,19,-14,
2025-03-28 13:23:08,19,-14,
2025-03-28 13:23:09,19,-14,
2025-03-28 13:23:10,19,-14,
2025-03-28 13:23:11,19,-14,
2025-03-28 13:23:12,19,-14,
2025-03-28 13:23:13,19,-14,
2025-03-28 13:23:14,19,-14,
2025-03-28 13:23:15,19,-15,
2025-03-28 13:23:16,19,-15,
2025-03-28 13:23:17,19,-14,
2025-03-28 13:23:18,19,-14,
2025-03-28 13:23:19,19,-14,
2025-03-28 13:23:20,19,-14,
2025-03-28 13:23:21,19,-15,
2025-03-28 13:23:22,19,-15,
2025-03-28 13:23:23,19,-14,
2025-03-28 13:23:24,19,-14,
2025-03-28 13:23:25,19,-14,
2025-03-28 13:23:26,19,-14,
2025-03-28 13:23:27,19,-15,
2025-03-28 13:23:28,19,-14,
2025-03-28 13:23:29,19,-14,
2025-03-28 13:23:30,20,-14,
2025-03-28 13:23:31,19,-14,
2025-03-28 13:23:32,20,-15,
2025-03-28 13:23:33,20,-15,
2025-03-28 13:23:34,19,-15,
2025-03-28 13:23:35,19,-15,
2025-03-28 13:23:36,19,-14,
2025-03-28 13:23:37,19,-14,
2025-03-28 13:23:38,19,-17,
2025-03-28 13:23:40,19,-15,
2025-03-28 13:23:41,19,-16,
2025-03-28 13:23:42,20,-16,
2025-03-28 13:23:43,19,-14,
2025-03-28 13:23:44,19,-14,
2025-03-28 13:23:45,19,-15,
2025-03-28 13:23:46,19,-14,
2025-03-28 13:23:47,19,-15,
2025-03-28 13:23:48,19,-15,
2025-03-28 13:23:49,19,-14,
2025-03-28 13:23:50,19,-15,
2025-03-28 13:23:51,19,-14,
2025-03-28 13:23:52,19,-14,
2025-03-28 13:23:53,19,-14,
2025-03-28 13:23:54,19,-15,
2025-03-28 13:23:55,19,-15,
2025-03-28 13:23:56,19,-14,
2025-03-28 13:23:57,19,-14,
2025-03-28 13:23:58,19,-14,
2025-03-28 13:23:59,20,-14,
2025-03-28 13:24:00,19,-15,
2025-03-28 13:24:01,19,-15,
2025-03-28 13:24:02,19,-13,
2025-03-28 13:24:03,20,-15,
2025-03-28 13:24:04,19,-14,
2025-03-28 13:24:05,19,-15,
2025-03-28 13:24:06,19,-14,
2025-03-28 13:24:07,19,-13,
2025-03-28 13:24:08,19,-15,
2025-03-28 13:24:09,19,-16,
2025-03-28 13:24:10,19,-15,
2025-03-28 13:24:11,19,-14,
2025-03-28 13:24:12,19,-14,
2025-03-28 13:24:13,19,-16,
2025-03-28 13:24:14,19,-16,
2025-03-28 13:24:15,19,-14,
2025-03-28 13:24:16,19,-14,
2025-03-28 13:24:17,19,-17,
2025-03-28 13:24:19,19,-14,
2025-03-28 13:24:20,19,-14,
2025-03-28 13:24:21,19,-15,
2025-03-28 13:24:22,19,-15,
2025-03-28 13:24:23,19,-14,
2025-03-28 13:24:24,19,-15,
2025-03-28 13:24:25,19,-15,
2025-03-28 13:24:26,19,-14,
2025-03-28 13:24:27,19,-14,
2025-03-28 13:24:28,19,-13,
2025-03-28 13:24:29,19,-15,
2025-03-28 13:24:30,19,-14,
2025-03-28 13:24:31,19,-15,
2025-03-28 13:24:32,19,-15,
2025-03-28 13:24:33,19,-15,
2025-03-28 13:24:34,19,-14,
2025-03-28 13:24:35,19,-14,
2025-03-28 13:24:36,19,-15,
2025-03-28 13:24:37,19,-13,
2025-03-28 13:24:38,19,-14,
2025-03-28 13:24:39,19,-16,
2025-03-28 13:24:40,19,-15,
2025-03-28 13:24:41,19,-15,
2025-03-28 13:24:42,19,-15,
2025-03-28 13:24:43,19,-14,
2025-03-28 13:24:44,19,-15,
2025-03-28 13:24:45,19,-14,
2025-03-28 13:24:46,19,-15,
2025-03-28 13:24:47,20,-14,
2025-03-28 13:24:48,19,-14,
2025-03-28 13:24:49,19,-15,
2025-03-28 13:24:50,19,-15,
2025-03-28 13:24:51,19,-17,
2025-03-28 13:24:52,20,-15,
2025-03-28 13:24:54,19,-14,
2025-03-28 13:24:55,19,-14,
2025-03-28 13:24:56,19,-14,
2025-03-28 13:24:57,20,-14,
2025-03-28 13:24:58,19,-16,
2025-03-28 13:24:59,19,-16,
2025-03-28 13:25:00,19,-14,
2025-03-28 13:25:01,19,-14,
2025-03-28 13:25:02,19,-14,
2025-03-28 13:25:03,19,-15,
2025-03-28 13:25:04,19,-15,
2025-03-28 13:25:05,19,-14,
2025-03-28 13:25:06,19,-14,
2025-03-28 13:25:07,19,-15,
2025-03-28 13:25:08,19,-14,
2025-03-28 13:25:09,19,-15,
2025-03-28 13:25:10,19,-14,
2025-03-28 13:25:11,19,-15,
2025-03-28 13:25:12,20,-14,
2025-03-28 13:25:13,19,-15,
2025-03-28 13:25:14,19,-14,
2025-03-28 13:25:15,19,-14,
2025-03-28 13:25:16,20,-14,
2025-03-28 13:25:17,19,-14,
2025-03-28 13:25:18,19,-19,
2025-03-28 13:25:19,19,-14,
2025-03-28 13:25:20,19,-15,
2025-03-28 13:25:21,20,-14,
2025-03-28 13:25:22,19,-15,
2025-03-28 13:25:23,19,-14,
2025-03-28 13:25:24,19,-15,
2025-03-28 13:25:25,19,-14,
2025-03-28 13:25:26,19,-17,
2025-03-28 13:25:28,19,-14,
2025-03-28 13:25:29,19,-14,
2025-03-28 13:25:30,19,-14,
2025-03-28 13:25:31,19,-14,
2025-03-28 13:25:32,20,-15,
2025-03-28 13:25:33,19,-14,
2025-03-28 13:25:34,19,-17,
2025-03-28 13:25:35,19,-14,
2025-03-28 13:25:36,19,-14,
2025-03-28 13:25:37,20,-14,
2025-03-28 13:25:38,19,-15,
2025-03-28 13:25:39,19,-15,
2025-03-28 13:25:40,19,-16,
2025-03-28 13:25:41,19,-17,
2025-03-28 13:25:42,19,-14,
2025-03-28 13:25:43,19,-15,
2025-03-28 13:25:44,19,-15,
2025-03-28 13:25:45,19,-14,
2025-03-28 13:25:46,19,-14,
2025-03-28 13:25:47,20,-19,
2025-03-28 13:25:48,19,-15,
2025-03-28 13:25:49,19,-14,
2025-03-28 13:25:50,19,-14,
2025-03-28 13:25:51,20,-15,
2025-03-28 13:25:52,19,-14,
2025-03-28 13:25:53,19,-15,
2025-03-28 13:25:54,19,-14,
2025-03-28 13:25:55,19,-15,
2025-03-28 13:25:56,19,-14,
2025-03-28 13:25:57,19,-14,
2025-03-28 13:25:58,19,-14,
2025-03-28 13:25:59,20,-15,
2025-03-28 13:26:00,19,-15,
2025-03-28 13:26:01,19,-14,
2025-03-28 13:26:02,20,-14,
2025-03-28 13:26:03,19,-14,
2025-03-28 13:26:04,19,-14,
2025-03-28 13:26:06,20,-15,
2025-03-28 13:26:07,20,-14,
2025-03-28 13:26:08,19,-14,
2025-03-28 13:26:09,19,-16,
2025-03-28 13:26:10,19,-12,
2025-03-28 13:26:11,20,-15,
2025-03-28 13:26:12,20,-14,
2025-03-28 13:26:13,20,-14,
2025-03-28 13:26:14,19,-16,
2025-03-28 13:26:15,20,-14,
2025-03-28 13:26:16,20,-15,
2025-03-28 13:26:17,20,-15,
2025-03-28 13:26:18,20,-14,
2025-03-28 13:26:19,19,-13,
2025-03-28 13:26:20,19,-14,
2025-03-28 13:26:21,20,-14,
2025-03-28 13:26:22,19,-16,
2025-03-28 13:26:23,20,-14,
2025-03-28 13:26:24,20,-14,
2025-03-28 13:26:25,19,-14,
2025-03-28 13:26:26,19,-15,
2025-03-28 13:26:27,20,-18,
2025-03-28 13:26:28,19,-14,
2025-03-28 13:26:29,19,-14,
2025-03-28 13:26:30,19,-14,
2025-03-28 13:26:31,19,-15,
2025-03-28 13:26:32,19,-14,
2025-03-28 13:26:33,19,-15,
2025-03-28 13:26:34,19,-14,
2025-03-28 13:26:35,19,-15,
2025-03-28 13:26:36,19,-15,
2025-03-28 13:26:37,19,-14,
2025-03-28 13:26:38,19,-15,
2025-03-28 13:26:39,20,-14,
2025-03-28 13:26:40,19,-14,
2025-03-28 13:26:41,20,-14,
2025-03-28 13:26:42,19,-14,
2025-03-28 13:26:44,20,-15,
2025-03-28 13:26:45,20,-15,
2025-03-28 13:26:46,19,-14,
2025-03-28 13:26:47,20,-14,
2025-03-28 13:26:48,20,-15,
2025-03-28 13:26:49,20,-14,
2025-03-28 13:26:50,20,-14,
2025-03-28 13:26:51,20,-14,
2025-03-28 13:26:52,20,-16,
2025-03-28 13:26:53,20,-14,
2025-03-28 13:26:54,20,-15,
2025-03-28 13:26:55,19,-14,
2025-03-28 13:26:56,20,-14,
2025-03-28 13:26:57,20,-15,
2025-03-28 13:26:58,20,-14,
2025-03-28 13:26:59,20,-15,
2025-03-28 13:27:00,20,-15,
2025-03-28 13:27:01,20,-14,
2025-03-28 13:27:02,20,-15,
2025-03-28 13:27:03,20,-14,
2025-03-28 13:27:04,20,-15,
2025-03-28 13:27:05,19,-15,
2025-03-28 13:27:06,20,-14,
2025-03-28 13:27:07,20,-13,
2025-03-28 13:27:08,19,-15,
2025-03-28 13:27:09,19,-15,
2025-03-28 13:27:10,20,-14,
2025-03-28 13:27:11,20,-14,
2025-03-28 13:27:12,19,-14,
2025-03-28 13:27:13,19,-14,
2025-03-28 13:27:14,20,-14,
2025-03-28 13:27:15,20,-15,
2025-03-28 13:27:16,20,-15,
2025-03-28 13:27:17,20,-15,
2025-03-28 13:27:18,20,-15,
2025-03-28 13:27:19,20,-14,
2025-03-28 13:27:20,20,-15,
2025-03-28 13:27:21,19,-15,
2025-03-28 13:27:22,20,-15,
2025-03-28 13:27:23,20,-14,
2025-03-28 13:27:24,19,-17,
2025-03-28 13:27:25,20,-15,
2025-03-28 13:27:26,19,-14,
2025-03-28 13:27:27,19,-16,
2025-03-28 13:27:29,19,-19,
2025-03-28 13:27:30,20,-15,
2025-03-28 13:27:31,20,-14,
2025-03-28 13:27:32,20,-15,
2025-03-28 13:27:33,20,-16,
2025-03-28 13:27:34,20,-14,
2025-03-28 13:27:35,20,-14,
2025-03-28 13:27:36,20,-16,
2025-03-28 13:27:37,20,-14,
2025-03-28 13:27:38,20,-14,
2025-03-28 13:27:39,20,-15,
2025-03-28 13:27:40,20,-13,
2025-03-28 13:27:41,20,-14,
2025-03-28 13:27:42,20,-14,
2025-03-28 13:27:43,20,-14,
2025-03-28 13:27:44,20,-15,
2025-03-28 13:27:45,20,-14,
2025-03-28 13:27:46,20,-15,
2025-03-28 13:27:47,20,-14,
2025-03-28 13:27:48,20,-14,
2025-03-28 13:27:49,20,-14,
2025-03-28 13:27:50,20,-14,
2025-03-28 13:27:51,20,-14,
2025-03-28 13:27:52,20,-13,
2025-03-28 13:27:53,20,-15,
2025-03-28 13:27:54,19,-13,
2025-03-28 13:27:55,20,-14,
2025-03-28 13:27:56,20,-14,
2025-03-28 13:27:57,20,-14,
2025-03-28 13:27:58,20,-14,
2025-03-28 13:27:59,20,-14,
2025-03-28 13:28:00,20,-16,
2025-03-28 13:28:01,20,-13,
2025-03-28 13:28:02,20,-13,
2025-03-28 13:28:03,20,-15,
2025-03-28 13:28:04,20,-14,
2025-03-28 13:28:06,19,-14,
2025-03-28 13:28:07,20,-14,
2025-03-28 13:28:08,19,-14,
2025-03-28 13:28:09,20,-15,
2025-03-28 13:28:10,19,-14,
2025-03-28 13:28:11,19,-14,
2025-03-28 13:28:12,20,-14,
2025-03-28 13:28:13,20,-15,
2025-03-28 13:28:14,20,-15,
2025-03-28 13:28:15,20,-15,
2025-03-28 13:28:16,20,-14,
2025-03-28 13:28:17,20,-14,
2025-03-28 13:28:18,20,-14,
2025-03-28 13:28:19,20,-14,
2025-03-28 13:28:20,20,-14,
2025-03-28 13:28:21,20,-14,
2025-03-28 13:28:22,20,-16,
2025-03-28 13:28:23,20,-15,
2025-03-28 13:28:24,20,-15,
2025-03-28 13:28:25,20,-14,
2025-03-28 13:28:26,20,-14,
2025-03-28 13:28:27,20,-14,
2025-03-28 13:28:28,20,-14,
2025-03-28 13:28:29,20,-14,
2025-03-28 13:28:30,20,-14,
2025-03-28 13:28:31,20,-15,
2025-03-28 13:28:32,20,-14,
2025-03-28 13:28:33,20,-14,
2025-03-28 13:28:34,20,-14,
2025-03-28 13:28:35,20,-12,
2025-03-28 13:28:36,20,-14,
2025-03-28 13:28:37,20,-14,
2025-03-28 13:28:38,20,-14,
2025-03-28 13:28:39,20,-14,
2025-03-28 13:28:40,20,-14,
2025-03-28 13:28:41,20,-14,
2025-03-28 13:28:42,20,-14,
2025-03-28 13:28:43,19,-14,
2025-03-28 13:28:44,19,-14,
2025-03-28 13:28:45,20,-14,
2025-03-28 13:28:46,20,-14,
2025-03-28 13:28:48,19,-14,
2025-03-28 13:28:49,19,-14,
2025-03-28 13:28:50,19,-14,
2025-03-28 13:28:51,19,-14,
2025-03-28 13:28:52,19,-14,
2025-03-28 13:28:53,19,-14,
2025-03-28 13:28:54,19,-17,
2025-03-28 13:28:55,19,-14,
2025-03-28 13:28:56,19,-14,
2025-03-28 13:28:57,19,-14,
2025-03-28 13:28:58,19,-13,
2025-03-28 13:28:59,19,-14,
2025-03-28 13:29:00,19,-14,
2025-03-28 13:29:01,19,-14,
2025-03-28 13:29:02,20,-14,
2025-03-28 13:29:03,20,-14,
2025-03-28 13:29:04,19,-14,
2025-03-28 13:29:05,19,-14,
2025-03-28 13:29:06,19,-14,
2025-03-28 13:29:07,19,-14,
2025-03-28 13:29:08,19,-14,
2025-03-28 13:29:09,19,-15,
2025-03-28 13:29:10,19,-14,
2025-03-28 13:29:11,19,-14,
2025-03-28 13:29:12,19,-13,
2025-03-28 13:29:13,20,-14,
2025-03-28 13:29:14,19,-14,
2025-03-28 13:29:15,19,-14,
2025-03-28 13:29:16,19,-14,
2025-03-28 13:29:17,19,-14,
2025-03-28 13:29:18,20,-15,
2025-03-28 13:29:19,19,-14,
2025-03-28 13:29:20,19,-14,
2025-03-28 13:29:21,20,-14,
2025-03-28 13:29:22,19,-14,
2025-03-28 13:29:23,20,-14,
2025-03-28 13:29:24,20,-14,
2025-03-28 13:29:25,19,-14,
2025-03-28 13:29:26,19,-14,
2025-03-28 13:29:27,19,-14,
2025-03-28 13:29:28,19,-14,
2025-03-28 13:29:30,19,-14,
2025-03-28 13:29:31,19,-14,
2025-03-28 13:29:32,19,-14,
2025-03-28 13:29:33,20,-15,
2025-03-28 13:29:34,19,-14,
2025-03-28 13:29:35,19,-14,
2025-03-28 13:29:36,19,-14,
2025-03-28 13:29:37,19,-14,
2025-03-28 13:29:38,19,-14,
2025-03-28 13:29:39,20,-14,
2025-03-28 13:29:40,19,-15,
2025-03-28 13:29:41,19,-14,
2025-03-28 13:29:42,19,-14,
2025-03-28 13:29:43,19,-15,
2025-03-28 13:29:44,19,-13,
2025-03-28 13:29:45,19,-14,
2025-03-28 13:29:46,19,-14,
2025-03-28 13:29:47,20,-14,
2025-03-28 13:29:48,19,-15,
2025-03-28 13:29:49,19,-13,
2025-03-28 13:29:50,19,-14,
2025-03-28 13:29:51,19,-14,
2025-03-28 13:29:52,19,-13,
2025-03-28 13:29:53,20,-14,
2025-03-28 13:29:54,19,-14,
2025-03-28 13:29:55,19,-14,
2025-03-28 13:29:56,19,-14,
2025-03-28 13:29:57,19,-14,
2025-03-28 13:29:58,19,-14,
2025-03-28 13:29:59,19,-14,
2025-03-28 13:30:00,19,-17,
2025-03-28 13:30:01,19,-14,
2025-03-28 13:30:02,19,-14,
2025-03-28 13:30:03,19,-14,
2025-03-28 13:30:04,19,-14,
2025-03-28 13:30:06,20,-12,
2025-03-28 13:30:07,19,-14,
2025-03-28 13:30:08,19,-14,
2025-03-28 13:30:09,19,-14,
2025-03-28 13:30:10,20,-14,
2025-03-28 13:30:11,20,-14,
2025-03-28 13:30:12,20,-14,
2025-03-28 13:30:13,20,-14,
2025-03-28 13:30:14,19,-14,
2025-03-28 13:30:15,20,-14,
2025-03-28 13:30:16,20,-13,
2025-03-28 13:30:17,20,-14,
2025-03-28 13:30:18,20,-13,
2025-03-28 13:30:19,20,-14,
2025-03-28 13:30:20,20,-13,
2025-03-28 13:30:21,20,-14,
2025-03-28 13:30:22,20,-12,
2025-03-28 13:30:23,20,-14,
2025-03-28 13:30:24,20,-14,
2025-03-28 13:30:25,20,-14,
2025-03-28 13:30:26,20,-14,
2025-03-28 13:30:27,20,-14,
2025-03-28 13:30:28,20,-14,
2025-03-28 13:30:29,20,-14,
2025-03-28 13:30:30,20,-14,
2025-03-28 13:30:31,20,-14,
2025-03-28 13:30:32,20,-13,
2025-03-28 13:30:33,20,-13,
2025-03-28 13:30:34,20,-12,
2025-03-28 13:30:35,20,-14,
2025-03-28 13:30:36,20,-12,
2025-03-28 13:30:37,20,-14,
2025-03-28 13:30:38,20,-13,
2025-03-28 13:30:39,20,-17,
2025-03-28 13:30:40,20,-6,
2025-03-28 13:30:41,20,-14,
2025-03-28 13:30:43,20,-15,
2025-03-28 13:30:44,20,-14,
2025-03-28 13:30:45,20,-14,
2025-03-28 13:30:46,20,-13,
2025-03-28 13:30:47,20,-13,
2025-03-28 13:30:48,20,-12,
2025-03-28 13:30:49,20,-17,
2025-03-28 13:30:50,20,-12,
2025-03-28 13:30:51,20,-14,
2025-03-28 13:30:52,20,-16,"stop peltier modules, fan on"
2025-03-28 13:30:53,20,-13,
2025-03-28 13:30:54,20,-14,
2025-03-28 13:30:55,20,-14,
2025-03-28 13:30:56,20,-14,
2025-03-28 13:30:57,19,-14,
2025-03-28 13:30:58,19,-14,
2025-03-28 13:30:59,19,-14,
2025-03-28 13:31:00,19,-14,
2025-03-28 13:31:01,20,-17,
2025-03-28 13:31:02,19,-12,
2025-03-28 13:31:03,19,-12,
2025-03-28 13:31:04,19,-9,
2025-03-28 13:31:05,19,-5,
2025-03-28 13:31:06,20,8,
2025-03-28 13:31:07,19,10,
2025-03-28 13:31:08,19,13,
2025-03-28 13:31:09,20,16,
2025-03-28 13:31:10,20,17,
2025-03-28 13:31:11,19,17,
2025-03-28 13:31:12,19,17,
2025-03-28 13:31:13,19,17,
2025-03-28 13:31:14,20,17,
2025-03-28 13:31:15,19,18,
2025-03-28 13:31:16,20,26,
2025-03-28 13:31:17,19,29,
2025-03-28 13:31:18,19,29,
2025-03-28 13:31:19,19,31,
2025-03-28 13:31:21,19,30,
2025-03-28 13:31:22,19,28,
2025-03-28 13:31:23,20,27,
2025-03-28 13:31:24,19,26,
2025-03-28 13:31:25,19,25,
2025-03-28 13:31:26,19,24,
2025-03-28 13:31:27,19,23,
2025-03-28 13:31:28,19,27,
2025-03-28 13:31:29,19,27,
2025-03-28 13:31:30,19,26,
2025-03-28 13:31:31,19,25,
2025-03-28 13:31:32,19,25,
2025-03-28 13:31:33,19,24,
2025-03-28 13:31:34,19,24,
2025-03-28 13:31:35,19,24,
2025-03-28 13:31:36,19,23,
2025-03-28 13:31:37,19,22,
2025-03-28 13:31:38,19,22,
2025-03-28 13:31:39,19,22,
2025-03-28 13:31:40,19,21,
2025-03-28 13:31:41,19,21,
2025-03-28 13:31:42,19,20,
2025-03-28 13:31:43,19,19,
2025-03-28 13:31:44,19,20,
2025-03-28 13:31:45,19,20,
2025-03-28 13:31:46,19,19,
2025-03-28 13:31:47,19,19,
2025-03-28 13:31:48,19,19,
2025-03-28 13:31:49,19,19,
2025-03-28 13:31:50,19,19,
2025-03-28 13:31:51,19,19,
2025-03-28 13:31:52,19,18,
2025-03-28 13:31:53,19,18,
2025-03-28 13:31:54,19,18,
2025-03-28 13:31:55,19,18,
2025-03-28 13:31:56,19,18,
2025-03-28 13:31:57,20,18,
2025-03-28 13:31:58,19,18,
2025-03-28 13:31:59,19,18,
2025-03-28 13:32:00,19,18,
2025-03-28 13:32:01,20,18,
2025-03-28 13:32:02,20,18,
2025-03-28 13:32:03,20,18,
2025-03-28 13:32:04,20,18,
2025-03-28 13:32:06,20,18,
2025-03-28 13:32:07,20,18,
2025-03-28 13:32:08,19,18,
2025-03-28 13:32:09,20,18,
2025-03-28 13:32:10,19,17,
2025-03-28 13:32:11,19,18,
2025-03-28 13:32:12,19,17,
2025-03-28 13:32:13,19,18,
2025-03-28 13:32:14,19,17,
2025-03-28 13:32:15,19,18,
2025-03-28 13:32:16,19,19,
2025-03-28 13:32:17,20,18,
2025-03-28 13:32:18,19,18,
2025-03-28 13:32:19,20,18,
2025-03-28 13:32:20,20,17,
2025-03-28 13:32:21,20,18,
2025-03-28 13:32:22,20,18,
2025-03-28 13:32:23,19,18,
2025-03-28 13:32:24,20,15,
2025-03-28 13:32:25,20,13,
2025-03-28 13:32:26,19,12,
2025-03-28 13:32:27,20,11,
2025-03-28 13:32:28,20,11,
2025-03-28 13:32:29,20,9,
2025-03-28 13:32:30,19,9,
2025-03-28 13:32:31,20,9,
2025-03-28 13:32:32,20,9,
2025-03-28 13:32:33,20,9,
2025-03-28 13:32:34,19,9,
2025-03-28 13:32:35,20,8,
2025-03-28 13:32:36,20,9,
2025-03-28 13:32:37,20,9,
2025-03-28 13:32:38,20,9,
2025-03-28 13:32:39,20,9,
2025-03-28 13:32:40,20,9,
2025-03-28 13:32:41,20,9,
2025-03-28 13:32:42,20,9,
2025-03-28 13:32:43,20,10,
2025-03-28 13:32:44,20,10,
2025-03-28 13:32:45,20,10,
2025-03-28 13:32:46,20,10,
2025-03-28 13:32:47,20,10,
2025-03-28 13:32:48,20,10,
2025-03-28 13:32:49,20,10,
2025-03-28 13:32:50,20,10,
2025-03-28 13:32:52,20,10,
2025-03-28 13:32:53,20,10,
2025-03-28 13:32:54,20,10,
2025-03-28 13:32:55,20,10,
2025-03-28 13:32:56,19,10,
2025-03-28 13:32:57,19,10,
2025-03-28 13:32:58,20,11,
2025-03-28 13:32:59,20,11,
2025-03-28 13:33:00,20,11,
2025-03-28 13:33:01,20,12,
2025-03-28 13:33:02,19,10,
2025-03-28 13:33:03,20,11,
2025-03-28 13:33:04,20,10,
2025-03-28 13:33:05,20,12,
2025-03-28 13:33:06,20,12,
2025-03-28 13:33:07,20,11,
2025-03-28 13:33:08,20,11,
2025-03-28 13:33:09,20,11,
2025-03-28 13:33:10,20,11,
2025-03-28 13:33:11,20,11,
2025-03-28 13:33:12,20,11,
2025-03-28 13:33:13,20,11,
2025-03-28 13:33:14,20,11,
2025-03-28 13:33:15,20,12,
2025-03-28 13:33:16,20,12,
2025-03-28 13:33:17,20,12,
2025-03-28 13:33:18,20,12,
2025-03-28 13:33:19,20,12,
2025-03-28 13:33:20,20,12,
2025-03-28 13:33:21,20,12,
2025-03-28 13:33:22,20,12,
2025-03-28 13:33:23,20,12,
2025-03-28 13:33:24,20,12,
2025-03-28 13:33:25,20,12,
2025-03-28 13:33:26,20,11,
2025-03-28 13:33:27,20,12,
2025-03-28 13:33:28,20,12,
2025-03-28 13:33:29,20,12,
2025-03-28 13:33:30,20,12,
2025-03-28 13:33:32,20,12,
2025-03-28 13:33:33,20,12,
2025-03-28 13:33:34,20,12,
2025-03-28 13:33:35,20,12,
2025-03-28 13:33:36,20,12,
2025-03-28 13:33:37,20,12,
2025-03-28 13:33:38,20,12,
2025-03-28 13:33:39,20,13,
2025-03-28 13:33:40,21,12,
2025-03-28 13:33:41,20,12,
2025-03-28 13:33:42,20,12,
2025-03-28 13:33:43,20,12,
2025-03-28 13:33:44,20,12,
2025-03-28 13:33:45,20,12,
2025-03-28 13:33:46,20,12,
2025-03-28 13:33:47,20,12,
2025-03-28 13:33:48,20,12,
2025-03-28 13:33:49,19,12,
2025-03-28 13:33:50,20,12,
2025-03-28 13:33:51,20,12,
2025-03-28 13:33:52,20,12,
2025-03-28 13:33:53,20,12,
2025-03-28 13:33:54,20,12,
2025-03-28 13:33:55,20,12,
2025-03-28 13:33:56,20,12,
2025-03-28 13:33:57,20,12,
2025-03-28 13:33:58,20,12,
2025-03-28 13:33:59,21,12,
2025-03-28 13:34:00,20,13,
2025-03-28 13:34:01,20,13,
2025-03-28 13:34:02,20,12,
2025-03-28 13:34:03,20,13,
2025-03-28 13:34:04,20,13,
2025-03-28 13:34:05,20,13,
2025-03-28 13:34:06,20,13,
2025-03-28 13:34:08,20,12,
2025-03-28 13:34:09,20,13,
2025-03-28 13:34:10,20,13,
2025-03-28 13:34:11,20,13,
2025-03-28 13:34:12,20,13,
2025-03-28 13:34:13,20,13,
2025-03-28 13:34:14,20,13,
2025-03-28 13:34:15,20,13,
2025-03-28 13:34:16,20,12,
2025-03-28 13:34:17,20,13,
2025-03-28 13:34:18,20,13,
2025-03-28 13:34:19,20,13,
2025-03-28 13:34:20,20,13,
2025-03-28 13:34:21,20,13,
2025-03-28 13:34:22,20,15,
2025-03-28 13:34:23,20,13,
2025-03-28 13:34:24,20,13,
2025-03-28 13:34:25,20,14,
2025-03-28 13:34:26,20,14,
2025-03-28 13:34:27,20,14,
2025-03-28 13:34:28,20,13,
2025-03-28 13:34:29,20,14,
2025-03-28 13:34:30,20,13,
2025-03-28 13:34:31,20,13,
2025-03-28 13:34:32,20,14,
2025-03-28 13:34:33,20,13,
2025-03-28 13:34:34,20,12,
2025-03-28 13:34:35,20,13,
2025-03-28 13:34:36,20,13,
2025-03-28 13:34:37,20,13,
2025-03-28 13:34:38,20,14,
2025-03-28 13:34:39,20,14,
2025-03-28 13:34:40,20,13,
2025-03-28 13:34:41,20,13,
2025-03-28 13:34:42,20,13,
2025-03-28 13:34:43,20,13,
2025-03-28 13:34:44,20,13,
2025-03-28 13:34:45,20,13,
2025-03-28 13:34:46,20,14,
2025-03-28 13:34:48,20,14,
2025-03-28 13:34:49,20,13,
2025-03-28 13:34:50,20,13,
2025-03-28 13:34:51,20,13,
2025-03-28 13:34:52,20,13,
2025-03-28 13:34:53,20,14,
2025-03-28 13:34:54,20,14,
2025-03-28 13:34:55,20,14,
2025-03-28 13:34:56,20,14,
2025-03-28 13:34:57,21,14,
2025-03-28 13:34:58,20,14,
2025-03-28 13:34:59,20,14,
2025-03-28 13:35:00,20,14,
2025-03-28 13:35:01,20,14,
2025-03-28 13:35:02,20,14,
2025-03-28 13:35:03,20,14,
2025-03-28 13:35:04,20,14,
2025-03-28 13:35:05,20,14,
2025-03-28 13:35:06,20,13,
2025-03-28 13:35:07,20,14,
2025-03-28 13:35:08,20,13,
2025-03-28 13:35:09,20,14,
2025-03-28 13:35:10,20,14,
2025-03-28 13:35:11,20,14,
2025-03-28 13:35:12,20,13,
2025-03-28 13:35:13,20,14,
2025-03-28 13:35:14,20,13,
2025-03-28 13:35:15,20,14,
2025-03-28 13:35:16,20,14,
2025-03-28 13:35:17,20,14,
2025-03-28 13:35:18,20,14,
2025-03-28 13:35:19,20,14,
2025-03-28 13:35:20,20,14,
2025-03-28 13:35:21,20,14,
2025-03-28 13:35:22,20,13,
2025-03-28 13:35:23,20,14,
2025-03-28 13:35:24,20,14,
2025-03-28 13:35:26,20,13,
2025-03-28 13:35:27,20,13,
2025-03-28 13:35:28,20,14,
2025-03-28 13:35:29,20,13,
2025-03-28 13:35:30,20,13,
2025-03-28 13:35:31,20,13,
2025-03-28 13:35:32,20,14,
2025-03-28 13:35:33,20,14,
2025-03-28 13:35:34,20,13,
2025-03-28 13:35:35,20,14,
2025-03-28 13:35:36,20,14,
2025-03-28 13:35:37,20,14,
2025-03-28 13:35:38,20,13,
2025-03-28 13:35:39,20,14,
2025-03-28 13:35:40,20,14,
2025-03-28 13:35:41,20,14,
2025-03-28 13:35:42,19,14,
2025-03-28 13:35:43,20,14,
2025-03-28 13:35:44,20,14,
2025-03-28 13:35:45,20,14,
2025-03-28 13:35:46,20,14,
2025-03-28 13:35:47,19,14,
2025-03-28 13:35:48,20,14,
2025-03-28 13:35:49,19,14,
2025-03-28 13:35:50,20,14,
2025-03-28 13:35:51,20,14,
2025-03-28 13:35:52,20,14,
2025-03-28 13:35:53,20,14,
2025-03-28 13:35:54,20,13,
2025-03-28 13:35:55,20,14,
2025-03-28 13:35:56,20,14,
2025-03-28 13:35:57,20,14,
2025-03-28 13:35:58,20,14,
2025-03-28 13:35:59,20,15,
2025-03-28 13:36:00,20,14,
2025-03-28 13:36:01,20,14,
2025-03-28 13:36:02,20,14,
2025-03-28 13:36:03,20,15,
2025-03-28 13:36:05,20,14,
2025-03-28 13:36:06,20,14,
2025-03-28 13:36:07,20,14,
2025-03-28 13:36:08,20,14,
2025-03-28 13:36:09,20,14,
2025-03-28 13:36:10,20,14,
2025-03-28 13:36:11,20,14,
2025-03-28 13:36:12,20,14,
2025-03-28 13:36:13,20,15,
2025-03-28 13:36:14,20,14,
2025-03-28 13:36:15,20,15,
2025-03-28 13:36:16,20,14,
2025-03-28 13:36:17,20,14,
2025-03-28 13:36:18,20,14,
2025-03-28 13:36:19,20,15,
2025-03-28 13:36:20,20,14,
2025-03-28 13:36:21,21,14,
2025-03-28 13:36:22,21,14,
2025-03-28 13:36:23,21,14,
2025-03-28 13:36:24,20,14,
2025-03-28 13:36:25,20,14,
2025-03-28 13:36:26,20,14,
2025-03-28 13:36:27,20,14,
2025-03-28 13:36:28,21,14,
2025-03-28 13:36:29,20,14,
2025-03-28 13:36:30,20,14,
2025-03-28 13:36:31,21,14,
2025-03-28 13:36:32,21,14,
2025-03-28 13:36:33,21,14,
2025-03-28 13:36:34,20,14,
2025-03-28 13:36:35,20,14,
2025-03-28 13:36:36,20,14,
2025-03-28 13:36:37,20,14,
2025-03-28 13:36:38,20,14,
2025-03-28 13:36:39,20,14,
2025-03-28 13:36:40,21,14,
2025-03-28 13:36:41,20,14,
2025-03-28 13:36:42,20,14,
2025-03-28 13:36:43,21,14,
2025-03-28 13:36:44,20,15,
2025-03-28 13:36:45,20,14,
2025-03-28 13:36:46,20,14,
2025-03-28 13:36:47,20,14,
2025-03-28 13:36:49,20,14,
2025-03-28 13:36:50,20,14,
2025-03-28 13:36:51,20,14,
2025-03-28 13:36:52,20,14,
2025-03-28 13:36:53,20,14,
2025-03-28 13:36:54,20,14,
2025-03-28 13:36:55,20,14,
2025-03-28 13:36:56,20,14,
2025-03-28 13:36:57,20,14,
2025-03-28 13:36:58,20,14,
2025-03-28 13:36:59,20,14,
2025-03-28 13:37:00,20,14,
2025-03-28 13:37:01,20,14,
2025-03-28 13:37:02,20,14,
2025-03-28 13:37:03,20,14,
2025-03-28 13:37:04,20,14,
2025-03-28 13:37:05,20,14,
2025-03-28 13:37:06,20,15,
2025-03-28 13:37:07,20,14,
2025-03-28 13:37:08,20,14,
2025-03-28 13:37:09,21,14,
2025-03-28 13:37:10,20,14,
2025-03-28 13:37:11,20,14,
2025-03-28 13:37:12,20,14,
2025-03-28 13:37:13,20,14,
2025-03-28 13:37:14,20,14,
2025-03-28 13:37:15,20,14,
2025-03-28 13:37:16,20,14,
2025-03-28 13:37:17,20,14,
2025-03-28 13:37:18,20,14,
2025-03-28 13:37:19,20,14,
2025-03-28 13:37:20,20,14,
2025-03-28 13:37:21,19,13,
2025-03-28 13:37:22,20,14,
2025-03-28 13:37:23,20,14,
2025-03-28 13:37:24,20,13,
2025-03-28 13:37:25,20,14,
2025-03-28 13:37:26,20,14,
2025-03-28 13:37:27,20,14,
2025-03-28 13:37:28,20,14,
2025-03-28 13:37:29,20,14,
2025-03-28 13:37:30,19,14,
2025-03-28 13:37:31,20,14,
2025-03-28 13:37:32,20,14,
2025-03-28 13:37:33,19,14,
2025-03-28 13:37:35,20,14,
2025-03-28 13:37:36,20,14,
2025-03-28 13:37:37,20,14,
2025-03-28 13:37:38,20,14,
2025-03-28 13:37:39,20,14,
2025-03-28 13:37:40,20,14,
2025-03-28 13:37:41,20,14,
2025-03-28 13:37:42,20,15,
2025-03-28 13:37:43,20,14,
2025-03-28 13:37:44,20,14,
2025-03-28 13:37:45,20,14,
2025-03-28 13:37:46,20,15,
2025-03-28 13:37:47,20,14,
2025-03-28 13:37:48,20,14,
2025-03-28 13:37:49,20,15,
2025-03-28 13:37:50,20,16,
2025-03-28 13:37:51,20,14,
2025-03-28 13:37:52,20,14,
2025-03-28 13:37:53,20,14,
2025-03-28 13:37:54,20,14,
2025-03-28 13:37:55,20,14,
2025-03-28 13:37:56,20,14,
2025-03-28 13:37:57,20,14,
2025-03-28 13:37:58,21,14,
2025-03-28 13:37:59,20,14,
2025-03-28 13:38:00,21,14,
2025-03-28 13:38:01,20,14,
2025-03-28 13:38:02,20,14,
2025-03-28 13:38:03,20,14,
2025-03-28 13:38:04,21,14,
2025-03-28 13:38:05,21,13,
2025-03-28 13:38:06,21,14,
2025-03-28 13:38:07,21,14,
2025-03-28 13:38:08,21,14,
2025-03-28 13:38:09,21,14,
2025-03-28 13:38:10,21,14,
2025-03-28 13:38:11,21,14,
2025-03-28 13:38:12,21,14,
2025-03-28 13:38:13,21,14,
2025-03-28 13:38:14,21,14,
2025-03-28 13:38:15,21,15,
2025-03-28 13:38:16,21,14,
2025-03-28 13:38:18,22,14,
2025-03-28 13:38:19,21,14,
2025-03-28 13:38:20,21,14,
2025-03-28 13:38:21,21,14,
2025-03-28 13:38:22,21,14,
2025-03-28 13:38:23,21,14,
2025-03-28 13:38:24,21,14,
2025-03-28 13:38:25,21,14,
2025-03-28 13:38:26,21,14,
2025-03-28 13:38:27,21,14,
2025-03-28 13:38:28,21,12,
2025-03-28 13:38:29,21,14,
2025-03-28 13:38:30,21,14,
2025-03-28 13:38:31,21,14,
2025-03-28 13:38:32,21,14,
2025-03-28 13:38:33,21,14,
2025-03-28 13:38:34,21,14,
2025-03-28 13:38:35,21,14,
2025-03-28 13:38:36,21,14,
2025-03-28 13:38:37,21,14,
2025-03-28 13:38:38,21,13,
2025-03-28 13:38:39,21,14,
2025-03-28 13:38:40,21,14,
2025-03-28 13:38:41,21,13,
2025-03-28 13:38:42,21,14,
2025-03-28 13:38:43,21,14,
2025-03-28 13:38:44,21,14,
2025-03-28 13:38:45,21,14,
2025-03-28 13:38:46,21,14,
2025-03-28 13:38:47,21,14,
2025-03-28 13:38:48,21,14,
2025-03-28 13:38:49,21,14,
2025-03-28 13:38:50,21,14,
2025-03-28 13:38:51,22,14,
2025-03-28 13:38:52,21,14,
2025-03-28 13:38:53,21,14,
2025-03-28 13:38:54,21,14,
2025-03-28 13:38:55,21,14,
2025-03-28 13:38:56,21,14,
2025-03-28 13:38:58,21,14,
2025-03-28 13:38:59,20,14,
2025-03-28 13:39:00,21,14,
2025-03-28 13:39:01,21,14,
2025-03-28 13:39:02,21,14,
2025-03-28 13:39:03,21,14,
2025-03-28 13:39:04,21,14,
2025-03-28 13:39:05,21,14,
2025-03-28 13:39:06,21,14,
2025-03-28 13:39:07,21,14,
2025-03-28 13:39:08,21,14,
2025-03-28 13:39:09,21,14,
2025-03-28 13:39:10,21,13,
2025-03-28 13:39:11,21,14,
2025-03-28 13:39:12,20,14,
2025-03-28 13:39:13,21,14,
2025-03-28 13:39:14,21,14,
2025-03-28 13:39:15,21,14,
2025-03-28 13:39:16,21,14,
2025-03-28 13:39:17,21,14,
2025-03-28 13:39:18,21,14,
2025-03-28 13:39:19,21,14,
2025-03-28 13:39:20,21,14,
2025-03-28 13:39:21,21,13,
2025-03-28 13:39:22,21,14,
2025-03-28 13:39:23,21,14,
2025-03-28 13:39:24,21,14,
2025-03-28 13:39:25,21,14,
2025-03-28 13:39:26,21,14,
2025-03-28 13:39:27,21,14,
2025-03-28 13:39:28,21,14,
2025-03-28 13:39:29,21,14,
2025-03-28 13:39:31,21,14,
2025-03-28 13:39:32,21,13,
2025-03-28 13:39:33,21,14,
2025-03-28 13:39:34,21,14,
2025-03-28 13:39:35,21,14,
2025-03-28 13:39:36,21,14,
2025-03-28 13:39:37,21,15,
2025-03-28 13:39:38,21,14,
2025-03-28 13:39:39,21,15,
2025-03-28 13:39:40,21,14,
2025-03-28 13:39:41,21,14,
2025-03-28 13:39:42,21,15,
2025-03-28 13:39:43,21,14,
2025-03-28 13:39:44,21,15,
2025-03-28 13:39:45,21,14,
2025-03-28 13:39:46,21,14,
2025-03-28 13:39:47,21,14,
2025-03-28 13:39:48,21,14,
2025-03-28 13:39:49,21,14,
2025-03-28 13:39:50,21,14,
2025-03-28 13:39:51,21,14,
2025-03-28 13:39:52,21,14,
2025-03-28 13:39:53,21,14,
2025-03-28 13:39:54,21,14,
2025-03-28 13:39:55,21,14,
2025-03-28 13:39:56,21,14,
2025-03-28 13:39:57,21,14,
2025-03-28 13:39:58,21,14,
2025-03-28 13:39:59,21,14,
2025-03-28 13:40:00,21,14,
2025-03-28 13:40:01,21,14,
2025-03-28 13:40:02,21,14,
2025-03-28 13:40:03,21,14,
2025-03-28 13:40:04,21,14,
2025-03-28 13:40:05,21,14,
2025-03-28 13:40:06,21,14,
2025-03-28 13:40:07,21,15,
2025-03-28 13:40:08,21,14,
2025-03-28 13:40:09,21,14,
2025-03-28 13:40:11,20,14,
2025-03-28 13:40:12,21,14,
2025-03-28 13:40:13,21,14,
2025-03-28 13:40:14,21,14,
2025-03-28 13:40:15,21,15,
2025-03-28 13:40:16,21,15,
2025-03-28 13:40:17,21,15,
2025-03-28 13:40:18,21,14,
2025-03-28 13:40:19,21,15,
2025-03-28 13:40:20,21,15,
2025-03-28 13:40:21,21,14,
2025-03-28 13:40:22,21,14,
2025-03-28 13:40:23,21,14,
2025-03-28 13:40:24,20,15,
2025-03-28 13:40:25,21,14,
2025-03-28 13:40:26,21,14,
2025-03-28 13:40:27,21,15,
2025-03-28 13:40:28,21,14,
2025-03-28 13:40:29,21,15,
2025-03-28 13:40:30,21,14,
2025-03-28 13:40:31,21,15,
2025-03-28 13:40:32,21,14,
2025-03-28 13:40:33,21,14,
2025-03-28 13:40:34,21,14,
2025-03-28 13:40:35,21,15,
2025-03-28 13:40:36,20,15,
2025-03-28 13:40:37,21,15,
2025-03-28 13:40:38,21,15,
2025-03-28 13:40:39,21,15,
2025-03-28 13:40:40,21,15,
2025-03-28 13:40:41,21,15,
2025-03-28 13:40:42,21,16,
2025-03-28 13:40:43,21,15,
2025-03-28 13:40:44,21,16,
2025-03-28 13:40:45,20,15,
2025-03-28 13:40:46,21,16,
2025-03-28 13:40:47,20,17,
2025-03-28 13:40:48,21,16,
2025-03-28 13:40:49,21,17,
2025-03-28 13:40:50,21,16,
2025-03-28 13:40:52,21,16,
2025-03-28 13:40:53,21,16,
2025-03-28 13:40:54,21,16,
2025-03-28 13:40:55,21,16,
2025-03-28 13:40:56,20,16,
2025-03-28 13:40:57,21,16,
2025-03-28 13:40:58,20,16,
2025-03-28 13:40:59,20,17,
2025-03-28 13:41:00,20,16,
2025-03-28 13:41:01,21,17,
2025-03-28 13:41:02,21,17,
2025-03-28 13:41:03,21,17,
2025-03-28 13:41:04,21,17,
2025-03-28 13:41:05,21,17,
2025-03-28 13:41:06,20,17,
2025-03-28 13:41:07,21,17,
2025-03-28 13:41:08,21,17,
2025-03-28 13:41:09,21,17,
2025-03-28 13:41:10,21,17,
2025-03-28 13:41:11,21,15,
2025-03-28 13:41:12,21,17,
2025-03-28 13:41:13,20,17,
2025-03-28 13:41:14,21,17,
2025-03-28 13:41:15,20,17,
2025-03-28 13:41:16,20,17,
2025-03-28 13:41:17,20,17,
2025-03-28 13:41:18,21,17,
2025-03-28 13:41:19,20,17,
2025-03-28 13:41:20,21,17,
2025-03-28 13:41:21,21,17,
2025-03-28 13:41:22,21,17,
2025-03-28 13:41:23,21,17,
2025-03-28 13:41:24,21,17,
2025-03-28 13:41:25,21,17,
2025-03-28 13:41:26,21,17,
2025-03-28 13:41:27,21,17,
2025-03-28 13:41:28,21,17,
2025-03-28 13:41:29,20,17,
2025-03-28 13:41:30,21,17,
2025-03-28 13:41:31,20,17,
2025-03-28 13:41:32,21,18,
2025-03-28 13:41:33,21,17,
2025-03-28 13:41:34,20,17,
2025-03-28 13:41:35,21,18,
2025-03-28 13:41:36,21,17,
2025-03-28 13:41:38,21,17,
2025-03-28 13:41:39,21,18,
2025-03-28 13:41:40,21,17,
2025-03-28 13:41:41,21,17,
2025-03-28 13:41:42,21,17,
2025-03-28 13:42:03,21,17,
2025-03-28 13:42:03,20,18,
2025-03-28 13:42:04,21,18,
2025-03-28 13:42:05,21,18,
2025-03-28 13:42:06,21,18,
2025-03-28 13:42:07,21,17,
2025-03-28 13:42:08,21,18,
2025-03-28 13:42:09,21,18,
2025-03-28 13:42:10,21,18,
2025-03-28 13:42:11,20,18,
2025-03-28 13:42:12,21,18,
2025-03-28 13:42:13,21,18,
2025-03-28 13:42:14,21,18,
2025-03-28 13:42:16,21,18,
2025-03-28 13:42:17,21,18,
2025-03-28 13:42:18,21,18,
2025-03-28 13:42:19,21,18,
2025-03-28 13:42:20,21,18,
2025-03-28 13:42:21,21,18,
2025-03-28 13:42:22,21,18,
2025-03-28 13:42:23,21,18,
2025-03-28 13:42:24,21,18,
2025-03-28 13:42:25,21,18,
2025-03-28 13:42:26,21,18,
2025-03-28 13:42:27,21,18,
2025-03-28 13:42:28,21,18,
2025-03-28 13:42:29,21,18,
2025-03-28 13:42:30,21,18,
2025-03-28 13:42:33,21,18,
2025-03-28 13:42:34,21,18,
2025-03-28 13:42:35,21,18,
2025-03-28 13:42:36,21,18,
2025-03-28 13:42:37,21,18,
2025-03-28 13:42:38,21,18,
2025-03-28 13:42:39,21,19,end of exprience
